Trainer_Id,Phoneno,amount,Name
TRAINER0,1247926765,2951,TrainerName9
TRAINER1,8566959232,3188,TrainerName1
TRAINER2,4944255377,6837,TrainerName37
TRAINER3,8251822553,4778,TrainerName1
TRAINER4,6834769624,4295,TrainerName1
TRAINER5,4690222206,2212,TrainerName8
TRAINER6,4196662960,8909,TrainerName35
TRAINER7,9500686688,2907,TrainerName15
TRAINER8,1253033463,6615,TrainerName26
TRAINER9,8500859805,6697,TrainerName8
TRAINER10,8240960866,8409,TrainerName38
TRAINER11,4425873386,4265,TrainerName16
TRAINER12,8049276906,5140,TrainerName16
TRAINER13,2671551506,9724,TrainerName27
TRAINER14,5141905173,1249,TrainerName26
TRAINER15,6569261532,4100,TrainerName40
TRAINER16,1509700199,6380,TrainerName12
TRAINER17,4384748095,1182,TrainerName48
TRAINER18,4842898350,9696,TrainerName4
TRAINER19,3512689282,6167,TrainerName41
TRAINER20,4208906960,7041,TrainerName17
TRAINER21,5253500580,3698,TrainerName6
TRAINER22,6644038581,1200,TrainerName7
TRAINER23,1395721986,6315,TrainerName21
TRAINER24,3588157120,9543,TrainerName18
TRAINER25,3702251612,6694,TrainerName3
TRAINER26,6806627250,3545,TrainerName7
TRAINER27,7949231624,2873,TrainerName2
TRAINER28,2412493540,7101,TrainerName21
TRAINER29,6920399094,5911,TrainerName12
