email.id.32@email.com,USR39
email.id.3@email.com,USR38
email.id.44@email.com,USR49
email.id.32@email.com,USR1
email.id.40@email.com,USR35
email.id.19@email.com,USR26
email.id.19@email.com,USR38
email.id.28@email.com,USR18
email.id.5@email.com,USR3
email.id.19@email.com,USR47
email.id.40@email.com,USR19
email.id.49@email.com,USR30
email.id.8@email.com,USR15
email.id.22@email.com,USR4
email.id.48@email.com,USR11
email.id.2@email.com,USR41
email.id.32@email.com,USR24
email.id.5@email.com,USR36
email.id.46@email.com,USR11
email.id.1@email.com,USR15
email.id.9@email.com,USR26
email.id.40@email.com,USR30
email.id.41@email.com,USR23
email.id.3@email.com,USR9
email.id.41@email.com,USR22
email.id.33@email.com,USR33
email.id.10@email.com,USR17
email.id.1@email.com,USR9
email.id.27@email.com,USR35
email.id.19@email.com,USR10
email.id.1@email.com,USR36
email.id.23@email.com,USR7
email.id.16@email.com,USR42
email.id.33@email.com,USR15
email.id.16@email.com,USR39
email.id.11@email.com,USR16
email.id.19@email.com,USR5
email.id.26@email.com,USR30
email.id.12@email.com,USR42
email.id.34@email.com,USR1
email.id.9@email.com,USR46
email.id.41@email.com,USR27
email.id.33@email.com,USR45
email.id.50@email.com,USR21
email.id.21@email.com,USR23
email.id.18@email.com,USR4
email.id.44@email.com,USR10
email.id.39@email.com,USR16
email.id.42@email.com,USR1
email.id.29@email.com,USR50
email.id.39@email.com,USR2
email.id.19@email.com,USR29
email.id.26@email.com,USR9
email.id.15@email.com,USR15
email.id.43@email.com,USR6
email.id.39@email.com,USR3
email.id.6@email.com,USR26
email.id.32@email.com,USR4
email.id.19@email.com,USR20
email.id.35@email.com,USR2
Email,Id
